mean_fit_time,std_fit_time,mean_score_time,std_score_time,param_max_depth,param_min_samples_leaf,param_min_samples_split,param_n_estimators,params,split0_test_score,split1_test_score,split2_test_score,split3_test_score,split4_test_score,mean_test_score,std_test_score,rank_test_score
0.07849922180175781,0.010222999294449047,0.005414628982543945,0.0015025391163428162,,1,2,100,"{'max_depth': None, 'min_samples_leaf': 1, 'min_samples_split': 2, 'n_estimators': 100}",0.9493006993006993,0.8662587412587411,0.7827272727272727,0.9554545454545454,0.8663003663003663,0.884008325008325,0.06364609592556159,79
0.1619100570678711,0.012783257992851715,0.005579757690429688,0.0018764704810043603,,1,2,200,"{'max_depth': None, 'min_samples_leaf': 1, 'min_samples_split': 2, 'n_estimators': 200}",0.9562937062937062,0.8872377622377622,0.7845454545454544,0.9518181818181818,0.8516483516483516,0.8863086913086912,0.0644163866480537,76
0.22613320350646973,0.006624312916776265,0.013830804824829101,0.004921169453491572,,1,2,300,"{'max_depth': None, 'min_samples_leaf': 1, 'min_samples_split': 2, 'n_estimators': 300}",0.9571678321678322,0.8846153846153846,0.7872727272727273,0.9636363636363636,0.8452380952380952,0.8875860805860805,0.06706744583740444,72
0.08333139419555664,0.010395195751525204,0.0036981582641601564,0.0012450612703674743,,1,5,100,"{'max_depth': None, 'min_samples_leaf': 1, 'min_samples_split': 5, 'n_estimators': 100}",0.9527972027972028,0.8863636363636364,0.7727272727272727,0.9527272727272728,0.8882783882783882,0.8905787545787545,0.06579605503074157,48
0.15170035362243653,0.010562591600204205,0.006307458877563477,0.002020725708101234,,1,5,200,"{'max_depth': None, 'min_samples_leaf': 1, 'min_samples_split': 5, 'n_estimators': 200}",0.9597902097902098,0.8933566433566433,0.7836363636363636,0.9545454545454546,0.8754578754578755,0.8933573093573093,0.06405684200107853,22
0.23665332794189453,0.01157739792377999,0.008169126510620118,0.0015256929463081592,,1,5,300,"{'max_depth': None, 'min_samples_leaf': 1, 'min_samples_split': 5, 'n_estimators': 300}",0.9545454545454546,0.8933566433566433,0.7818181818181819,0.9563636363636363,0.8681318681318682,0.8908431568431567,0.0644352099363743,46
0.07415208816528321,0.007991380263610438,0.004013538360595703,0.0009476655611894446,,1,10,100,"{'max_depth': None, 'min_samples_leaf': 1, 'min_samples_split': 10, 'n_estimators': 100}",0.9475524475524475,0.8793706293706294,0.7781818181818182,0.9672727272727273,0.8791208791208791,0.8902997002997003,0.06635895429299248,52
0.15298376083374024,0.012587911356859252,0.006273841857910157,0.0033097546636316174,,1,10,200,"{'max_depth': None, 'min_samples_leaf': 1, 'min_samples_split': 10, 'n_estimators': 200}",0.9615384615384617,0.8846153846153846,0.7781818181818182,0.9654545454545455,0.8553113553113553,0.8890203130203129,0.07005989282670995,64
0.22431659698486328,0.015442722550528008,0.007904815673828124,0.0022365915199260415,,1,10,300,"{'max_depth': None, 'min_samples_leaf': 1, 'min_samples_split': 10, 'n_estimators': 300}",0.9632867132867133,0.8898601398601399,0.7763636363636364,0.9636363636363636,0.858974358974359,0.8904242424242426,0.07023985989192973,50
0.08244972229003907,0.008763028701013984,0.004112052917480469,0.0019073331379261054,,2,2,100,"{'max_depth': None, 'min_samples_leaf': 2, 'min_samples_split': 2, 'n_estimators': 100}",0.9423076923076923,0.8846153846153846,0.7854545454545454,0.9545454545454545,0.8663003663003663,0.8866446886446887,0.0606074889630529,74
0.15904474258422852,0.014774330279297513,0.006336402893066406,0.00287096454531387,,2,2,200,"{'max_depth': None, 'min_samples_leaf': 2, 'min_samples_split': 2, 'n_estimators': 200}",0.9545454545454546,0.8968531468531469,0.7854545454545455,0.9618181818181818,0.8644688644688645,0.8926280386280385,0.064680739909825,28
0.23028063774108887,0.01656015494971517,0.010047483444213866,0.0023830448300675745,,2,2,300,"{'max_depth': None, 'min_samples_leaf': 2, 'min_samples_split': 2, 'n_estimators': 300}",0.958041958041958,0.8933566433566433,0.7890909090909091,0.9618181818181818,0.8553113553113553,0.8915238095238095,0.06507405484459478,39
0.08440146446228028,0.016321138962915285,0.004142951965332031,0.002383323982883098,,2,5,100,"{'max_depth': None, 'min_samples_leaf': 2, 'min_samples_split': 5, 'n_estimators': 100}",0.9475524475524475,0.8863636363636364,0.8054545454545454,0.9618181818181818,0.8791208791208791,0.8960619380619381,0.055795900009783315,1
0.15373821258544923,0.022561324676556957,0.007171726226806641,0.0009870463361843203,,2,5,200,"{'max_depth': None, 'min_samples_leaf': 2, 'min_samples_split': 5, 'n_estimators': 200}",0.9562937062937064,0.8916083916083917,0.7945454545454546,0.9654545454545455,0.86996336996337,0.8955730935730936,0.06236757295062971,4
0.22760839462280275,0.015100380798997603,0.008223438262939453,0.003253294862861706,,2,5,300,"{'max_depth': None, 'min_samples_leaf': 2, 'min_samples_split': 5, 'n_estimators': 300}",0.958041958041958,0.8881118881118881,0.7981818181818182,0.9654545454545455,0.8626373626373627,0.8944855144855145,0.06229824184561672,14
0.081364107131958,0.011906755435202645,0.004097747802734375,0.002018412463029803,,2,10,100,"{'max_depth': None, 'min_samples_leaf': 2, 'min_samples_split': 10, 'n_estimators': 100}",0.9562937062937062,0.8916083916083917,0.7781818181818182,0.96,0.86996336996337,0.8912094572094572,0.06662567194762592,41
0.1648775577545166,0.0017195184067914173,0.006003618240356445,0.000990345216436856,,2,10,200,"{'max_depth': None, 'min_samples_leaf': 2, 'min_samples_split': 10, 'n_estimators': 200}",0.9615384615384615,0.8951048951048951,0.7854545454545455,0.9618181818181818,0.8626373626373626,0.8933106893106894,0.06621982383544471,24
0.21835885047912598,0.015564793815344641,0.006989765167236328,0.0013635782931899858,,2,10,300,"{'max_depth': None, 'min_samples_leaf': 2, 'min_samples_split': 10, 'n_estimators': 300}",0.9615384615384615,0.8968531468531469,0.78,0.9636363636363636,0.8608058608058607,0.8925667665667666,0.06856586244030323,30
0.07586822509765626,0.007992737969153615,0.00364532470703125,0.0009292469700011018,,4,2,100,"{'max_depth': None, 'min_samples_leaf': 4, 'min_samples_split': 2, 'n_estimators': 100}",0.9527972027972029,0.8828671328671328,0.7745454545454545,0.9618181818181818,0.8717948717948718,0.8887645687645687,0.06753630878238912,66
0.1491025924682617,0.015801165933707315,0.005620384216308593,0.0017664973076545506,,4,2,200,"{'max_depth': None, 'min_samples_leaf': 4, 'min_samples_split': 2, 'n_estimators': 200}",0.9615384615384616,0.8933566433566433,0.7872727272727272,0.96,0.858974358974359,0.8922284382284381,0.06560437761652682,33
0.2310262680053711,0.02062232589636174,0.007853507995605469,0.0019649246736590012,,4,2,300,"{'max_depth': None, 'min_samples_leaf': 4, 'min_samples_split': 2, 'n_estimators': 300}",0.9615384615384615,0.8968531468531469,0.7909090909090909,0.9636363636363636,0.8626373626373627,0.8951148851148851,0.06484434144916137,9
0.07476639747619629,0.008969907328585403,0.004846763610839844,0.003301245443170571,,4,5,100,"{'max_depth': None, 'min_samples_leaf': 4, 'min_samples_split': 5, 'n_estimators': 100}",0.9527972027972029,0.8828671328671328,0.7745454545454545,0.9618181818181818,0.8717948717948718,0.8887645687645687,0.06753630878238912,66
0.14525012969970702,0.009014986202734289,0.004893779754638672,0.0010249304861020192,,4,5,200,"{'max_depth': None, 'min_samples_leaf': 4, 'min_samples_split': 5, 'n_estimators': 200}",0.9615384615384616,0.8933566433566433,0.7872727272727272,0.96,0.858974358974359,0.8922284382284381,0.06560437761652682,33
0.2493070125579834,0.012703831043534865,0.006797218322753906,0.001957145645456842,,4,5,300,"{'max_depth': None, 'min_samples_leaf': 4, 'min_samples_split': 5, 'n_estimators': 300}",0.9615384615384615,0.8968531468531469,0.7909090909090909,0.9636363636363636,0.8626373626373627,0.8951148851148851,0.06484434144916137,9
0.07695345878601074,0.014757985936014295,0.004992294311523438,0.0038292587931942753,,4,10,100,"{'max_depth': None, 'min_samples_leaf': 4, 'min_samples_split': 10, 'n_estimators': 100}",0.9615384615384615,0.8881118881118881,0.7890909090909092,0.9636363636363636,0.8681318681318682,0.8941018981018981,0.06499286495406725,17
0.17307453155517577,0.045184285601719415,0.007132720947265625,0.0051785616164863385,,4,10,200,"{'max_depth': None, 'min_samples_leaf': 4, 'min_samples_split': 10, 'n_estimators': 200}",0.958041958041958,0.8933566433566433,0.7818181818181817,0.96,0.8571428571428572,0.8900719280719279,0.06681892974663435,56
0.21520423889160156,0.011565260507784569,0.007626533508300781,0.0021406282983613316,,4,10,300,"{'max_depth': None, 'min_samples_leaf': 4, 'min_samples_split': 10, 'n_estimators': 300}",0.958041958041958,0.8933566433566433,0.7836363636363636,0.9618181818181818,0.8681318681318682,0.8929970029970029,0.06564351383884678,26
0.08055081367492675,0.01159083689532114,0.0055138587951660155,0.005057104138003491,10,1,2,100,"{'max_depth': 10, 'min_samples_leaf': 1, 'min_samples_split': 2, 'n_estimators': 100}",0.9475524475524475,0.8653846153846153,0.7754545454545455,0.9436363636363636,0.8663003663003662,0.8796656676656676,0.06315600138341917,81
0.15952887535095214,0.015429820591611078,0.007319116592407226,0.0029027122914646393,10,1,2,200,"{'max_depth': 10, 'min_samples_leaf': 1, 'min_samples_split': 2, 'n_estimators': 200}",0.9545454545454546,0.8793706293706294,0.7854545454545455,0.9545454545454545,0.8653846153846154,0.8878601398601399,0.0631790932884026,71
0.2434478759765625,0.01155871455046389,0.010649394989013673,0.0040525053052507,10,1,2,300,"{'max_depth': 10, 'min_samples_leaf': 1, 'min_samples_split': 2, 'n_estimators': 300}",0.9545454545454546,0.8898601398601398,0.7854545454545454,0.96,0.8397435897435898,0.8859207459207459,0.06699013738170544,78
0.07194743156433106,0.0034756286741810098,0.004338264465332031,0.0019459538819938211,10,1,5,100,"{'max_depth': 10, 'min_samples_leaf': 1, 'min_samples_split': 5, 'n_estimators': 100}",0.9545454545454546,0.8881118881118881,0.7727272727272727,0.9472727272727273,0.8882783882783882,0.8901871461871462,0.06512377038941192,54
0.15720696449279786,0.00806327575953109,0.005514907836914063,0.0012913957194997008,10,1,5,200,"{'max_depth': 10, 'min_samples_leaf': 1, 'min_samples_split': 5, 'n_estimators': 200}",0.958041958041958,0.8916083916083916,0.7836363636363636,0.9545454545454546,0.8681318681318682,0.8911928071928072,0.06416032273474111,44
0.2253669261932373,0.00829152975218079,0.007831335067749023,0.001730642664494306,10,1,5,300,"{'max_depth': 10, 'min_samples_leaf': 1, 'min_samples_split': 5, 'n_estimators': 300}",0.9545454545454546,0.8933566433566433,0.7818181818181817,0.96,0.8608058608058607,0.890105228105228,0.06577679064950365,55
0.06999168395996094,0.0064716031910403,0.0042377948760986325,0.0014939696236594745,10,1,10,100,"{'max_depth': 10, 'min_samples_leaf': 1, 'min_samples_split': 10, 'n_estimators': 100}",0.9493006993006993,0.8758741258741258,0.7781818181818182,0.9672727272727273,0.8791208791208791,0.8899500499500499,0.06679646131154901,60
0.14673871994018556,0.0170197443849472,0.005389642715454101,0.001377035798665093,10,1,10,200,"{'max_depth': 10, 'min_samples_leaf': 1, 'min_samples_split': 10, 'n_estimators': 200}",0.9597902097902098,0.8863636363636364,0.7763636363636363,0.9654545454545455,0.8608058608058609,0.8897555777555777,0.0697746474665752,61
0.21776304244995118,0.014458150525345756,0.00890960693359375,0.0041126206443940225,10,1,10,300,"{'max_depth': 10, 'min_samples_leaf': 1, 'min_samples_split': 10, 'n_estimators': 300}",0.9632867132867133,0.8898601398601398,0.7745454545454545,0.9636363636363636,0.858974358974359,0.8900606060606062,0.07083163143188098,59
0.07616424560546875,0.008365680233036613,0.004526472091674805,0.0016649025727021594,10,2,2,100,"{'max_depth': 10, 'min_samples_leaf': 2, 'min_samples_split': 2, 'n_estimators': 100}",0.951048951048951,0.8846153846153846,0.7890909090909091,0.96,0.8589743589743589,0.8887459207459207,0.06291794650541452,70
0.1714695930480957,0.008645029864342749,0.008241510391235352,0.0020792924925302817,10,2,2,200,"{'max_depth': 10, 'min_samples_leaf': 2, 'min_samples_split': 2, 'n_estimators': 200}",0.958041958041958,0.8986013986013986,0.7872727272727272,0.9618181818181818,0.8663003663003663,0.8944069264069263,0.06462043569870618,16
0.2537642002105713,0.038778828635951286,0.010796213150024414,0.0024944331817682987,10,2,2,300,"{'max_depth': 10, 'min_samples_leaf': 2, 'min_samples_split': 2, 'n_estimators': 300}",0.958041958041958,0.8916083916083916,0.7909090909090909,0.9618181818181818,0.8534798534798534,0.8911714951714952,0.06470859846890603,45
0.0803314208984375,0.006976426929720397,0.004515600204467773,0.0010356658880857018,10,2,5,100,"{'max_depth': 10, 'min_samples_leaf': 2, 'min_samples_split': 5, 'n_estimators': 100}",0.9458041958041958,0.8863636363636365,0.8090909090909091,0.9618181818181818,0.8754578754578755,0.8957069597069598,0.05455289191595292,3
0.21227827072143554,0.017249661543382075,0.005347013473510742,0.0020345610844369863,10,2,5,200,"{'max_depth': 10, 'min_samples_leaf': 2, 'min_samples_split': 5, 'n_estimators': 200}",0.9545454545454545,0.8916083916083917,0.7945454545454546,0.9654545454545455,0.86996336996337,0.8952234432234432,0.06203016371316995,8
0.25722446441650393,0.01025016857996883,0.006860971450805664,0.002779533224963726,10,2,5,300,"{'max_depth': 10, 'min_samples_leaf': 2, 'min_samples_split': 5, 'n_estimators': 300}",0.958041958041958,0.8881118881118881,0.7981818181818182,0.9654545454545455,0.8644688644688644,0.8948518148518149,0.06211501961291185,13
0.0840529441833496,0.014576403247884954,0.0025618553161621095,0.0001246985603791357,10,2,10,100,"{'max_depth': 10, 'min_samples_leaf': 2, 'min_samples_split': 10, 'n_estimators': 100}",0.9562937062937062,0.8916083916083917,0.7781818181818182,0.96,0.86996336996337,0.8912094572094572,0.06662567194762592,41
0.15642409324645995,0.015116378231656118,0.008973026275634765,0.0035646513578766843,10,2,10,200,"{'max_depth': 10, 'min_samples_leaf': 2, 'min_samples_split': 10, 'n_estimators': 200}",0.9615384615384615,0.8968531468531469,0.7854545454545455,0.9618181818181818,0.8626373626373626,0.8936603396603398,0.06623298860561821,20
0.22152976989746093,0.023845133312018516,0.010197591781616212,0.0020251224449048325,10,2,10,300,"{'max_depth': 10, 'min_samples_leaf': 2, 'min_samples_split': 10, 'n_estimators': 300}",0.9615384615384615,0.8968531468531469,0.78,0.9636363636363636,0.8608058608058607,0.8925667665667666,0.06856586244030323,30
0.09209203720092773,0.0409136002651295,0.004240226745605469,0.0034349783545873603,10,4,2,100,"{'max_depth': 10, 'min_samples_leaf': 4, 'min_samples_split': 2, 'n_estimators': 100}",0.9545454545454546,0.8828671328671328,0.7745454545454545,0.9618181818181818,0.8717948717948718,0.8891142191142191,0.06787061286871761,62
0.14663329124450683,0.0047304796493324395,0.0068399906158447266,0.0030098103751364583,10,4,2,200,"{'max_depth': 10, 'min_samples_leaf': 4, 'min_samples_split': 2, 'n_estimators': 200}",0.9615384615384616,0.8933566433566433,0.7872727272727272,0.96,0.858974358974359,0.8922284382284381,0.06560437761652682,33
0.2232654571533203,0.007975187784990873,0.010809087753295898,0.0049004977868348735,10,4,2,300,"{'max_depth': 10, 'min_samples_leaf': 4, 'min_samples_split': 2, 'n_estimators': 300}",0.9615384615384615,0.8968531468531469,0.7909090909090909,0.9636363636363636,0.8644688644688645,0.8954811854811855,0.06466476834450693,6
0.07492318153381347,0.013593028885589614,0.004143810272216797,0.0017793696861226952,10,4,5,100,"{'max_depth': 10, 'min_samples_leaf': 4, 'min_samples_split': 5, 'n_estimators': 100}",0.9545454545454546,0.8828671328671328,0.7745454545454545,0.9618181818181818,0.8717948717948718,0.8891142191142191,0.06787061286871761,62
0.14681601524353027,0.004254101601869721,0.005048227310180664,0.0007568075466502994,10,4,5,200,"{'max_depth': 10, 'min_samples_leaf': 4, 'min_samples_split': 5, 'n_estimators': 200}",0.9615384615384616,0.8933566433566433,0.7872727272727272,0.96,0.858974358974359,0.8922284382284381,0.06560437761652682,33
0.23521089553833008,0.049271706733754535,0.009116268157958985,0.0044345963042139586,10,4,5,300,"{'max_depth': 10, 'min_samples_leaf': 4, 'min_samples_split': 5, 'n_estimators': 300}",0.9615384615384615,0.8968531468531469,0.7909090909090909,0.9636363636363636,0.8644688644688645,0.8954811854811855,0.06466476834450693,6
0.08128046989440918,0.007908413965494847,0.00477895736694336,0.0018156034979745987,10,4,10,100,"{'max_depth': 10, 'min_samples_leaf': 4, 'min_samples_split': 10, 'n_estimators': 100}",0.9615384615384615,0.8881118881118881,0.7890909090909092,0.9636363636363636,0.8681318681318682,0.8941018981018981,0.06499286495406725,17
0.17192187309265136,0.053518722364548556,0.008790922164916993,0.00603611734678955,10,4,10,200,"{'max_depth': 10, 'min_samples_leaf': 4, 'min_samples_split': 10, 'n_estimators': 200}",0.958041958041958,0.8933566433566433,0.7818181818181817,0.96,0.8571428571428572,0.8900719280719279,0.06681892974663435,56
0.19934358596801757,0.005382250719283084,0.009549236297607422,0.003984764759818015,10,4,10,300,"{'max_depth': 10, 'min_samples_leaf': 4, 'min_samples_split': 10, 'n_estimators': 300}",0.958041958041958,0.8933566433566433,0.7836363636363636,0.9636363636363636,0.8681318681318682,0.8933606393606393,0.06602765784992004,21
0.09202413558959961,0.01567720240029165,0.0035225868225097655,0.0011618941574945156,20,1,2,100,"{'max_depth': 20, 'min_samples_leaf': 1, 'min_samples_split': 2, 'n_estimators': 100}",0.9493006993006993,0.8662587412587411,0.7827272727272727,0.9554545454545454,0.8663003663003663,0.884008325008325,0.06364609592556159,79
0.1742232322692871,0.011840178934941709,0.006163501739501953,0.0009550572691535516,20,1,2,200,"{'max_depth': 20, 'min_samples_leaf': 1, 'min_samples_split': 2, 'n_estimators': 200}",0.9562937062937062,0.8872377622377622,0.7845454545454544,0.9518181818181818,0.8516483516483516,0.8863086913086912,0.0644163866480537,76
0.24179415702819823,0.007845358924966706,0.008183813095092774,0.0015745895141708105,20,1,2,300,"{'max_depth': 20, 'min_samples_leaf': 1, 'min_samples_split': 2, 'n_estimators': 300}",0.9571678321678322,0.8846153846153846,0.7872727272727273,0.9636363636363636,0.8452380952380952,0.8875860805860805,0.06706744583740444,72
0.07156028747558593,0.006068679050510208,0.003990650177001953,0.0013020539662671037,20,1,5,100,"{'max_depth': 20, 'min_samples_leaf': 1, 'min_samples_split': 5, 'n_estimators': 100}",0.9527972027972028,0.8863636363636364,0.7727272727272727,0.9527272727272728,0.8882783882783882,0.8905787545787545,0.06579605503074157,48
0.1643918514251709,0.013981569826343564,0.007283735275268555,0.003020464858317131,20,1,5,200,"{'max_depth': 20, 'min_samples_leaf': 1, 'min_samples_split': 5, 'n_estimators': 200}",0.9597902097902098,0.8933566433566433,0.7836363636363636,0.9545454545454546,0.8754578754578755,0.8933573093573093,0.06405684200107853,22
0.22754244804382323,0.03490432511305717,0.00950918197631836,0.003102047853630168,20,1,5,300,"{'max_depth': 20, 'min_samples_leaf': 1, 'min_samples_split': 5, 'n_estimators': 300}",0.9545454545454546,0.8933566433566433,0.7818181818181819,0.9563636363636363,0.8681318681318682,0.8908431568431567,0.0644352099363743,46
0.08102936744689941,0.005900364905900417,0.003255891799926758,0.0011855436224642178,20,1,10,100,"{'max_depth': 20, 'min_samples_leaf': 1, 'min_samples_split': 10, 'n_estimators': 100}",0.9475524475524475,0.8793706293706294,0.7781818181818182,0.9672727272727273,0.8791208791208791,0.8902997002997003,0.06635895429299248,52
0.1566380500793457,0.04354535333863736,0.005770826339721679,0.0021270353669363947,20,1,10,200,"{'max_depth': 20, 'min_samples_leaf': 1, 'min_samples_split': 10, 'n_estimators': 200}",0.9615384615384617,0.8846153846153846,0.7781818181818182,0.9654545454545455,0.8553113553113553,0.8890203130203129,0.07005989282670995,64
0.22946667671203613,0.008528687743842238,0.008891773223876954,0.002025385166118567,20,1,10,300,"{'max_depth': 20, 'min_samples_leaf': 1, 'min_samples_split': 10, 'n_estimators': 300}",0.9632867132867133,0.8898601398601399,0.7763636363636364,0.9636363636363636,0.858974358974359,0.8904242424242426,0.07023985989192973,50
0.08201961517333985,0.004271643640798643,0.0038860321044921877,0.0008231693793677385,20,2,2,100,"{'max_depth': 20, 'min_samples_leaf': 2, 'min_samples_split': 2, 'n_estimators': 100}",0.9423076923076923,0.8846153846153846,0.7854545454545454,0.9545454545454545,0.8663003663003663,0.8866446886446887,0.0606074889630529,74
0.15216546058654784,0.02146017984221837,0.003938817977905273,8.114916692880999e-05,20,2,2,200,"{'max_depth': 20, 'min_samples_leaf': 2, 'min_samples_split': 2, 'n_estimators': 200}",0.9545454545454546,0.8968531468531469,0.7854545454545455,0.9618181818181818,0.8644688644688645,0.8926280386280385,0.064680739909825,28
0.2511137962341309,0.010606077306194095,0.014000749588012696,0.00600953253548429,20,2,2,300,"{'max_depth': 20, 'min_samples_leaf': 2, 'min_samples_split': 2, 'n_estimators': 300}",0.958041958041958,0.8933566433566433,0.7890909090909091,0.9618181818181818,0.8553113553113553,0.8915238095238095,0.06507405484459478,39
0.08072938919067382,0.006719352185453202,0.0033299922943115234,0.0011143197847615371,20,2,5,100,"{'max_depth': 20, 'min_samples_leaf': 2, 'min_samples_split': 5, 'n_estimators': 100}",0.9475524475524475,0.8863636363636364,0.8054545454545454,0.9618181818181818,0.8791208791208791,0.8960619380619381,0.055795900009783315,1
0.15713877677917482,0.024888836097954253,0.005858230590820313,0.0009434869769142498,20,2,5,200,"{'max_depth': 20, 'min_samples_leaf': 2, 'min_samples_split': 5, 'n_estimators': 200}",0.9562937062937064,0.8916083916083917,0.7945454545454546,0.9654545454545455,0.86996336996337,0.8955730935730936,0.06236757295062971,4
0.2750589847564697,0.07455451634041427,0.00869894027709961,0.0037015815855272957,20,2,5,300,"{'max_depth': 20, 'min_samples_leaf': 2, 'min_samples_split': 5, 'n_estimators': 300}",0.958041958041958,0.8881118881118881,0.7981818181818182,0.9654545454545455,0.8626373626373627,0.8944855144855145,0.06229824184561672,14
0.07391057014465333,0.008110444425235645,0.0036976814270019533,0.001046323933792815,20,2,10,100,"{'max_depth': 20, 'min_samples_leaf': 2, 'min_samples_split': 10, 'n_estimators': 100}",0.9562937062937062,0.8916083916083917,0.7781818181818182,0.96,0.86996336996337,0.8912094572094572,0.06662567194762592,41
0.1607987403869629,0.012520854037844574,0.005722141265869141,0.002728269492552391,20,2,10,200,"{'max_depth': 20, 'min_samples_leaf': 2, 'min_samples_split': 10, 'n_estimators': 200}",0.9615384615384615,0.8951048951048951,0.7854545454545455,0.9618181818181818,0.8626373626373626,0.8933106893106894,0.06621982383544471,24
0.23310408592224122,0.026788382087931165,0.007972192764282227,0.0032765422727982925,20,2,10,300,"{'max_depth': 20, 'min_samples_leaf': 2, 'min_samples_split': 10, 'n_estimators': 300}",0.9615384615384615,0.8968531468531469,0.78,0.9636363636363636,0.8608058608058607,0.8925667665667666,0.06856586244030323,30
0.08197426795959473,0.01088311955612513,0.004495573043823242,0.0016906972744285109,20,4,2,100,"{'max_depth': 20, 'min_samples_leaf': 4, 'min_samples_split': 2, 'n_estimators': 100}",0.9527972027972029,0.8828671328671328,0.7745454545454545,0.9618181818181818,0.8717948717948718,0.8887645687645687,0.06753630878238912,66
0.1719721794128418,0.01022026733688244,0.006790256500244141,0.001788394951671011,20,4,2,200,"{'max_depth': 20, 'min_samples_leaf': 4, 'min_samples_split': 2, 'n_estimators': 200}",0.9615384615384616,0.8933566433566433,0.7872727272727272,0.96,0.858974358974359,0.8922284382284381,0.06560437761652682,33
0.2323671817779541,0.014717987108030474,0.007595491409301758,0.0021629006162147885,20,4,2,300,"{'max_depth': 20, 'min_samples_leaf': 4, 'min_samples_split': 2, 'n_estimators': 300}",0.9615384615384615,0.8968531468531469,0.7909090909090909,0.9636363636363636,0.8626373626373627,0.8951148851148851,0.06484434144916137,9
0.08209857940673829,0.008421333544836852,0.003830146789550781,0.0012410730992287605,20,4,5,100,"{'max_depth': 20, 'min_samples_leaf': 4, 'min_samples_split': 5, 'n_estimators': 100}",0.9527972027972029,0.8828671328671328,0.7745454545454545,0.9618181818181818,0.8717948717948718,0.8887645687645687,0.06753630878238912,66
0.17488698959350585,0.012192963781715013,0.00661778450012207,0.0011023209921630786,20,4,5,200,"{'max_depth': 20, 'min_samples_leaf': 4, 'min_samples_split': 5, 'n_estimators': 200}",0.9615384615384616,0.8933566433566433,0.7872727272727272,0.96,0.858974358974359,0.8922284382284381,0.06560437761652682,33
0.24378046989440919,0.006525565576142393,0.013340234756469727,0.0063951028280865236,20,4,5,300,"{'max_depth': 20, 'min_samples_leaf': 4, 'min_samples_split': 5, 'n_estimators': 300}",0.9615384615384615,0.8968531468531469,0.7909090909090909,0.9636363636363636,0.8626373626373627,0.8951148851148851,0.06484434144916137,9
0.07916531562805176,0.006443335207366484,0.002843141555786133,0.00039645747981326357,20,4,10,100,"{'max_depth': 20, 'min_samples_leaf': 4, 'min_samples_split': 10, 'n_estimators': 100}",0.9615384615384615,0.8881118881118881,0.7890909090909092,0.9636363636363636,0.8681318681318682,0.8941018981018981,0.06499286495406725,17
0.16249642372131348,0.010673838449323503,0.009177541732788086,0.0022020616515179637,20,4,10,200,"{'max_depth': 20, 'min_samples_leaf': 4, 'min_samples_split': 10, 'n_estimators': 200}",0.958041958041958,0.8933566433566433,0.7818181818181817,0.96,0.8571428571428572,0.8900719280719279,0.06681892974663435,56
0.20051050186157227,0.01640474434568959,0.005398321151733399,0.00023021614047689899,20,4,10,300,"{'max_depth': 20, 'min_samples_leaf': 4, 'min_samples_split': 10, 'n_estimators': 300}",0.958041958041958,0.8933566433566433,0.7836363636363636,0.9618181818181818,0.8681318681318682,0.8929970029970029,0.06564351383884678,26
